Amsterdam,Amsterdam
Athens,Athens
Baghdad,Baghdad
Bangkok,Bangkok
Barcelona,Barcelona
Beijing,Bắc Kinh
Belgrade,Belgrade
Berlin,Berlin
Bogota,Bogota
Bratislava,Bratislava
Brussels,Brussels
Bucharest,Bucharest
Budapest,Budapest
Buenos Aires,Buenos Aires
Cairo,Cairo
Cape Town,Cape Town
Caracas,Caracas
Chicago,Chicago
Copenhagen,Copenhagen
Dhaka,Dhaka
Dubai,Dubai
Dublin,Dublin
Frankfurt,Frankfurt
Geneva,Geneva
The Hague,The Hague
Hanoi,Hà Nội
Helsinki,Helsinki
Hong Kong,Hong Kong
Istanbul,Istanbul
Jakarta,Jakarta
Jerusalem,Jerusalem
Johannesburg,Johannesburg
Kabul,Kabul
Karachi,Karachi
Kyiv,Kiev
Kuala Lumpur,Kuala Lumpur
Lagos,Lagos
Lahore,Lahore
Lima,Lima
Lisbon,Lisbon
Ljubljana,Ljubljana
London,Luân Đôn
Los Angeles,Los Angeles
Luxembourg,Luxembourg
Madrid,Madrid
Hanoi,Hà Nội